Email,Sitio,[+]
test1@gmail.com,amazon.com,+
test1@gmail.com,bodybuilding.com,+
test1@gmail.com,eventbrite.com,+
test1@gmail.com,freelancer.com,+
test1@gmail.com,hubspot.com,+
test1@gmail.com,komoot.com,+
test1@gmail.com,pinterest.com,+
test1@gmail.com,pornhub.com,+
test1@gmail.com,rambler.ru,+
test1@gmail.com,replit.com,+
test1@gmail.com,seoclerks.com,+
test1@gmail.com,spotify.com,+
test1@gmail.com,teamtreehouse.com,+
test1@gmail.com,twitter.com,+
test1@gmail.com,wordpress.com,+
test1@gmail.com,xnxx.com,+
test1@gmail.com,xvideos.com,+
test1@gmail.com,zoho.com,+
test2@gmail.com,eventbrite.com,+
test2@gmail.com,freelancer.com,+
test2@gmail.com,komoot.com,+
test2@gmail.com,pinterest.com,+
test2@gmail.com,pornhub.com,+
test2@gmail.com,seoclerks.com,+
test2@gmail.com,spotify.com,+
test2@gmail.com,twitter.com,+
test2@gmail.com,xvideos.com,+
test2@gmail.com,zoho.com,+
